{"cameraMode":{"drawMode":0,"name":"Shaded","section":"Shading Mode"},"sceneLighting":false,"audioPlay":false,"sceneViewState":{"m_AlwaysRefresh":true,"showFog":true,"showSkybox":false,"showFlares":true,"showImageEffects":true,"showParticleSystems":true,"showVisualEffectGraphs":true,"m_FxEnabled":true},"in2DMode":false,"pivot":{"x":2.4879257678985597,"y":0.39800000190734866,"z":-14.970000267028809},"rotation":{"x":-0.16378039121627809,"y":0.3001413941383362,"z":-0.05238170176744461,"w":-0.9382792711257935},"size":1.6558072566986085,"orthographic":false}