{"cameraMode":{"drawMode":0,"name":"Shaded","section":"Shading Mode"},"sceneLighting":true,"audioPlay":false,"sceneViewState":{"m_AlwaysRefresh":true,"showFog":true,"showSkybox":true,"showFlares":true,"showImageEffects":true,"showParticleSystems":true,"showVisualEffectGraphs":true,"m_FxEnabled":true},"in2DMode":false,"pivot":{"x":140.72128295898438,"y":-15.51742172241211,"z":168.06826782226563},"rotation":{"x":-0.08696889877319336,"y":-0.07256215810775757,"z":0.006353876553475857,"w":-0.9935570359230042},"size":169.4158935546875,"orthographic":false}