{"cameraMode":{"drawMode":0,"name":"Shaded","section":"Shading Mode"},"sceneLighting":false,"audioPlay":false,"sceneViewState":{"m_AlwaysRefresh":true,"showFog":true,"showSkybox":false,"showFlares":true,"showImageEffects":true,"showParticleSystems":true,"showVisualEffectGraphs":true,"m_FxEnabled":true},"in2DMode":false,"pivot":{"x":0.12505567073822022,"y":0.7198435068130493,"z":0.21445780992507935},"rotation":{"x":0.2912271022796631,"y":-0.043041177093982699,"z":0.01310432143509388,"w":0.9556159377098084},"size":0.6062178015708923,"orthographic":false}