{"cameraMode":{"drawMode":0,"name":"Shaded","section":"Shading Mode"},"sceneLighting":false,"audioPlay":false,"sceneViewState":{"m_AlwaysRefresh":true,"showFog":true,"showSkybox":false,"showFlares":true,"showImageEffects":true,"showParticleSystems":true,"showVisualEffectGraphs":true,"m_FxEnabled":true},"in2DMode":false,"pivot":{"x":-0.169489324092865,"y":0.5679999589920044,"z":-0.012633919715881348},"rotation":{"x":-0.034450918436050418,"y":-0.04945032671093941,"z":-0.0017067091539502144,"w":0.9981807470321655},"size":0.9457245469093323,"orthographic":false}