{"cameraMode":{"drawMode":0,"name":"Shaded","section":"Shading Mode"},"sceneLighting":false,"audioPlay":false,"sceneViewState":{"m_AlwaysRefresh":true,"showFog":true,"showSkybox":false,"showFlares":true,"showImageEffects":true,"showParticleSystems":true,"showVisualEffectGraphs":true,"m_FxEnabled":true},"in2DMode":false,"pivot":{"x":-0.022719621658325197,"y":1.319713830947876,"z":0.3696959316730499},"rotation":{"x":0.3004767894744873,"y":-0.17748354375362397,"z":0.05699639767408371,"w":0.9354096055030823},"size":2.5806944370269777,"orthographic":false}