{"cameraMode":{"drawMode":0,"name":"Shaded","section":"Shading Mode"},"sceneLighting":false,"audioPlay":false,"sceneViewState":{"m_AlwaysRefresh":true,"showFog":true,"showSkybox":false,"showFlares":true,"showImageEffects":true,"showParticleSystems":true,"showVisualEffectGraphs":true,"m_FxEnabled":true},"in2DMode":false,"pivot":{"x":-0.052802085876464847,"y":0.1654660701751709,"z":0.1622159481048584},"rotation":{"x":0.3715178370475769,"y":-0.12478522211313248,"z":0.05045345425605774,"w":0.9186384081840515},"size":1.8853707313537598,"orthographic":false}