{"cameraMode":{"drawMode":0,"name":"Shaded","section":"Shading Mode"},"sceneLighting":false,"audioPlay":false,"sceneViewState":{"m_AlwaysRefresh":true,"showFog":true,"showSkybox":false,"showFlares":true,"showImageEffects":true,"showParticleSystems":true,"showVisualEffectGraphs":true,"m_FxEnabled":true},"in2DMode":false,"pivot":{"x":3.1341185569763185,"y":-22.656023025512697,"z":-139.91029357910157},"rotation":{"x":0.0008932375349104404,"y":0.9964072108268738,"z":-0.0842064768075943,"w":0.010763322934508324},"size":73.37234497070313,"orthographic":false}