{"cameraMode":{"drawMode":0,"name":"Shaded","section":"Shading Mode"},"sceneLighting":false,"audioPlay":false,"sceneViewState":{"m_AlwaysRefresh":true,"showFog":true,"showSkybox":false,"showFlares":true,"showImageEffects":true,"showParticleSystems":true,"showVisualEffectGraphs":true,"m_FxEnabled":true},"in2DMode":false,"pivot":{"x":0.2200648933649063,"y":0.874548614025116,"z":0.18267127871513368},"rotation":{"x":-0.007490759715437889,"y":-0.9870940446853638,"z":0.15253016352653504,"w":-0.048616811633110049},"size":1.281166672706604,"orthographic":false}